,0,1,2,3,4,5,6,7,8
0,734.9319425635854,733.4830755286947,736.3808095984759,735.2342456263722,734.6299293193853,735.2340287808441,734.6301459841619,734.9317258085093,734.9321593187259
1,776.5149662860921,774.9829332120878,778.0469993600955,776.8126614404381,776.2175379889,776.8124327625724,776.2177664892397,776.5147376970644,776.5151948751849
2,759.3686370848985,757.8708969759983,760.8663771937966,759.6861580720741,759.0514258678147,759.6859563350856,759.0516274339428,759.3684354334093,759.3688387364424
3,748.1168644741327,746.6416247936482,749.5921041546193,748.4372106055836,747.7968380071202,748.4367933878189,747.7972548630651,748.1164474374855,748.1172815110139
4,733.6689698596065,732.2226259842179,735.1153137349938,734.001849408782,733.3364418506868,734.0014414462399,733.3368494382552,733.6685620847658,733.6693776346768
5,731.2887629201277,729.8471794744873,732.7303463657685,731.6177998869117,730.9600719838876,731.6173943588005,730.9604771423509,731.2883575770511,731.2891682634312
6,748.0471804919945,746.5720802270762,749.5222807569091,748.3732870983118,747.7214084899292,748.3728732630759,747.7218219597935,748.0467668396544,748.0475941445643
7,739.9704837578115,738.5115369022319,741.4294306133893,740.2936515154512,739.6476501289673,740.293243314899,739.6480579684155,739.970075738019,739.9708917778315
8,754.8858213098761,753.3970437950613,756.3745988246924,755.2003921983409,754.5715719743389,755.1999767857143,754.5719870364247,754.8854060727258,754.8862365472571
9,774.5565567873656,773.0284378174639,776.0846757572664,774.8552043487625,774.2581968819139,774.8547791277296,774.2586217710622,774.556131732473,774.5569818424975
10,767.8919760024155,766.3771859179723,769.4067660868571,768.1948115247593,767.5894383164946,768.1943701358078,767.5898793530515,767.8915347898753,767.8924172152106
11,787.7306241792772,786.1761507011475,789.2850976574066,788.0374546351142,787.4240931610951,788.0365512040617,787.4249958805281,787.7297211047321,787.7315272548681
12,776.9744614232965,775.4415000136883,778.5074228329069,777.2827687186048,776.6664608404816,777.2818590627892,776.6673697662363,776.9735521332373,776.9753707144398
13,741.0254500187729,739.5643839159079,742.4865161216388,741.3370295363513,740.7141949141643,741.335973872645,740.7152496797439,741.0243948051262,741.0265052339419
14,707.9595491638164,706.56461793566,709.3544803919739,708.2630129717941,707.6564052164483,708.2622088764635,707.6572086136621,707.9587454181928,707.9603529103687
15,741.6861406696647,740.2237535566621,743.1485277826704,741.9910664695396,741.3815253434167,741.9900356821936,741.3825552732836,741.685110312004,741.687171028779
16,740.606941119016,739.146715173579,742.0671670644548,740.9147390790896,740.2994596079224,740.913901994177,740.3002959886633,740.6061043868515,740.6077778521394
17,756.0087326755228,754.5177001738922,757.499765177157,756.3053655221163,755.7123931938872,756.3043000759017,755.7134577945186,756.0076676530675,756.0097976994995
18,769.4198048020585,767.901950197809,770.9376594063059,769.7141252447799,769.125769955953,769.7130436560147,769.1268507080847,769.4187236325848,769.4208859730727
19,759.5281988123031,758.0301277463903,761.0262698782152,759.8289167121194,759.2277825180817,759.8278724564246,759.2288259375056,759.5271549756785,759.5292426503776
20,713.5773559790235,712.1711893371216,714.9835226209245,713.8824028366745,713.2726334326368,713.8816056636441,713.2734299154988,713.5765591517116,713.5781528072375
21,726.8186706064416,725.3860183954951,728.2513228173868,727.1141921258965,726.5234519504961,727.1131797563758,726.5244634869073,726.8176586544032,726.819682559906
22,769.9712175132477,768.4522602501257,771.4901747763702,770.2469002450988,769.6957897706009,770.2458299570393,769.696859283806,769.9701476135514,769.9722874144551
23,767.4510484468807,765.9371315635279,768.964965330233,767.7387908487685,767.1635829853269,767.7377270989231,767.1646459286338,767.4499851012453,767.4521117940104
24,755.0075287504363,753.5184989481137,756.4965585527564,755.3017427876707,754.7136072993686,755.3006994645219,754.7146498001229,755.0064858394181,755.008571662913
25,738.2495383906055,736.7940246106394,739.7050521705687,738.5389783950274,737.960388313705,738.5379614421354,737.9614044598292,738.2485218420104,738.2505549406229
26,716.4021960403135,714.9903767075193,717.8140153731081,716.697145533659,716.1075537153786,716.6961431561837,716.108555257414,716.4011940814879,716.4031980005624
27,707.7668044680792,706.3722559608588,709.1613529752999,708.0634240757911,707.4705001288378,708.0624367737993,707.4714865930337,707.765817585908,707.767791351651
28,730.5694293198793,729.1292758829666,732.0095827567899,730.8623241133885,730.276836506824,730.8613264593357,730.2778333514017,730.5684320714636,730.5704265696749
29,722.3481818318645,720.9244709315674,723.7718927321602,722.64719506676,722.0494847065025,722.6462116160359,722.0504673331762,722.3471987940643,722.3491648710213
30,725.9807544521218,724.5497781722235,727.411730732018,726.2745440969946,725.6872715800222,726.2735397036253,725.688275150735,725.9797504709985,725.9817584346524
31,711.2920223078628,709.8904238098902,712.6936208058348,711.5809969902168,711.0033502738286,711.5800343856203,711.0043120866311,711.291060100032,711.2929845170157
32,722.9434100839277,721.5185088520395,724.3683113158149,723.2205796246145,722.6665186374235,723.2196038670036,722.6674936378308,722.9424347057766,722.9443854634154
33,705.9532732818059,704.5623523651609,707.3441941984509,706.2220851350764,705.6847295615163,706.2211354100563,705.6856785543032,705.952323923735,705.9542226411747
34,674.5323292627883,673.2042502758206,675.8604082497587,674.8015231440361,674.2634138780767,674.8006189467151,674.2643173441985,674.5314254318738,674.5332330949382
35,662.3022696753159,660.9986537057447,663.6058856448891,662.5802492367993,662.024593123426,662.5795412581363,662.025300499573,662.3015619984598,662.3029773529415
36,693.3628925110789,691.99715532915,694.728629693007,693.6455706424451,693.0805153890879,693.6448311044888,693.0812543161533,693.3621532791327,693.3636317438251
37,695.108545685711,693.7393143908101,696.4777769806097,695.3832021617332,694.8341753227319,695.3822781040104,694.8350986409495,695.1076219985559,695.1094693741134
38,698.5288284491589,697.1527566303718,699.9049002679479,698.8015111350098,698.2564276834128,698.8005851966932,698.2573528897055,698.5279028776688,698.5297540218992
39,718.2809577186724,716.865381951853,719.6965334854921,718.5562458944305,718.0059502280101,718.5553142808598,718.0068811187691,718.280026467307,718.2818889712652
40,697.0738125862256,695.7006511505168,698.4469740219355,697.3590789456492,696.7888520728364,697.3581778954003,696.7897523762242,697.0729119101991,697.0747132634341
41,707.642099941192,706.247801704336,709.0363981780475,707.9248566751795,707.3596415759556,707.923926766633,707.3605707321241,707.6411704096543,707.64302947397
42,752.8553209613519,751.3705963240952,754.3400455986093,753.1188434379474,752.592052167634,753.117856217742,752.5930386888505,752.854334091465,752.8563078325496
43,746.3896974753452,744.9179041266975,747.8614908239902,746.6513818411504,746.1282663795922,746.6504061398444,746.1292413888544,746.388722120874,746.3906728311075
44,761.5845650381874,760.082381996055,763.0867480803213,761.8347615350131,761.3345989405643,761.8337686912583,761.3355911247018,761.5835725250491,761.5855575526386
45,782.2833603086052,780.739779717569,783.8269408996395,782.5264880431102,782.0404469362012,782.5254709203823,782.0414634199296,782.2823435061889,782.284377112364
46,780.8476082297484,779.3068991845117,782.3883172749873,781.0743289791212,780.621075613507,781.0733168274396,780.6220871711729,780.8465963758615,780.8486200849636
47,1009.849208586678,1009.849208586678,1009.849208586678,1009.849208586678,1009.849208586678,1009.849208586678,1009.849208586678,1009.849208586678,1009.849208586678
48,1009.8511740925301,1009.8511740925301,1009.8511740925301,1009.8511740925301,1009.8511740925301,1009.8511740925301,1009.8511740925301,1009.8511740925301,1009.8511740925301
49,784.8868338407301,783.3380464691887,786.4356212122724,785.1094574686151,784.6643926711021,785.1084492385218,784.6654003232175,784.8858259003982,784.8878417823724
50,1009.842586959192,1009.842586959192,1009.842586959192,1009.842586959192,1009.842586959192,1009.842586959192,1009.842586959192,1009.842586959192,1009.842586959192
51,1009.7260381577134,1009.7260381577134,1009.7260381577134,1009.7260381577134,1009.7260381577134,1009.7260381577134,1009.7260381577134,1009.7260381577134,1009.7260381577134
52,1009.8590361541957,1009.8590361541957,1009.8590361541957,1009.8590361541957,1009.8590361541957,1009.8590361541957,1009.8590361541957,1009.8590361541957,1009.8590361541957
53,1009.8610016791754,1009.8610016791754,1009.8610016791754,1009.8610016791754,1009.8610016791754,1009.8610016791754,1009.8610016791754,1009.8610016791754,1009.8610016791754
54,1009.8753329526756,1009.8753329526756,1009.8753329526756,1009.8753329526756,1009.8753329526756,1009.8753329526756,1009.8753329526756,1009.8753329526756,1009.8753329526756
55,1009.8772603431892,1009.8772603431892,1009.8772603431892,1009.8772603431892,1009.8772603431892,1009.8772603431892,1009.8772603431892,1009.8772603431892,1009.8772603431892
56,1009.8668982770691,798.0760571875111,1009.8668982770691,1009.8668982770691,1009.8668982770691,1009.8668982770691,1009.8668982770691,1009.8668982770691,1009.8668982770691
57,766.1484095387804,764.6370996035648,767.6597194739995,766.3369492561034,765.9600055370258,766.3360077373404,765.9609465874225,766.1474682548713,766.149350823862
58,756.1272867268142,754.6360190780687,757.6185543755622,756.3232098410514,755.9315127765615,756.3222836992242,755.9324384331458,756.1263608282753,756.1282126265029
59,744.9184657673778,743.449616054418,746.3873154803398,745.1411444459475,744.6959807421731,745.1402527076539,744.6968719411955,744.9175742993818,744.9193572364603
60,750.769791396815,749.2892388204232,752.2503439732063,750.9966445872378,750.5431376092919,750.9957308248376,750.5440508132066,750.7688779143454,750.7707048804131
61,781.6256362133711,780.0833695997255,783.1679028270156,781.8354255578794,781.4160133014461,781.8343017182216,781.4171365316612,781.6245126793715,781.6267597490062
62,765.7881688449216,764.2775772143908,767.298760475454,765.9993057869725,765.5772038171561,765.9982085038621,765.5783004888083,765.7870718684654,765.7892658229737
63,758.1453045309846,756.6499963043153,759.6406127576516,758.3726718064416,757.9181366729898,758.3714204203123,757.9193873006639,758.1440535252949,758.1465555387642
64,784.9833850827853,783.4309078283269,786.5358623372434,785.1879647396642,784.7789638878852,785.1870370871926,784.7798910528123,784.9824576747322,784.9843124919458
65,787.8067158880492,786.2485898331851,789.3648419429192,787.9961913910461,787.6173757098733,787.9950703991361,787.6184961584506,787.8055951687103,787.8078366090033
66,786.3815262899864,784.8262484896566,787.9368040903174,786.563412221399,786.199764936766,786.5621048897757,786.2010716593811,786.3802192640707,786.3828333181008
67,1007.9144676066795,1007.9144676066795,1007.9144676066795,1007.9144676066795,1007.9144676066795,1007.9144676066795,1007.9144676066795,1007.9144676066795,1007.9144676066795
68,1007.9171530966508,1007.9171530966508,1007.9171530966508,1007.9171530966508,1007.9171530966508,1007.9171530966508,1007.9171530966508,1007.9171530966508,1007.9171530966508
69,794.1225268161952,792.5517690965145,795.6932845358781,794.3084144935357,793.9367702426226,794.307280621003,793.937903580366,794.1213932119708,794.1236604220561
70,1007.9987877878629,1007.9987877878629,1007.9987877878629,1007.9987877878629,1007.9987877878629,1007.9987877878629,1007.9987877878629,1007.9987877878629,1007.9987877878629
71,1008.0129212032824,1008.0129212032824,1008.0129212032824,1008.0129212032824,1008.0129212032824,1008.0129212032824,1008.0129212032824,1008.0129212032824,1008.0129212032824
72,1007.7938564879987,1007.7938564879987,1007.7938564879987,1007.7938564879987,1007.7938564879987,1007.7938564879987,1007.7938564879987,1007.7938564879987,1007.7938564879987
73,1008.0293405950972,1008.0293405950972,1008.0293405950972,1008.0293405950972,1008.0293405950972,1008.0293405950972,1008.0293405950972,1008.0293405950972,1008.0293405950972
74,1008.0432839545189,1008.0432839545189,1008.0432839545189,1008.0432839545189,1008.0432839545189,1008.0432839545189,1008.0432839545189,1008.0432839545189,1008.0432839545189
75,1008.022521372057,1008.022521372057,1008.022521372057,1008.022521372057,1008.022521372057,1008.022521372057,1008.022521372057,1008.022521372057,1008.022521372057
76,1008.0249214285368,1008.0249214285368,1008.0249214285368,1008.0249214285368,1008.0249214285368,1008.0249214285368,1008.0249214285368,1008.0249214285368,1008.0249214285368
77,1008.136263663182,1008.136263663182,1008.136263663182,1008.136263663182,1008.136263663182,1008.136263663182,1008.136263663182,1008.136263663182,1008.136263663182
78,780.8425786152184,779.2983849283216,782.3867723021154,781.0183993914399,780.6668800653308,781.0176488922099,780.6676302236833,780.841828286853,780.8433289443165
79,1008.2713576391957,1008.2713576391957,1008.2713576391957,1008.2713576391957,1008.2713576391957,1008.2713576391957,1008.2713576391957,1008.2713576391957,1008.2713576391957
80,1008.2616026800528,1008.2616026800528,1008.2616026800528,1008.2616026800528,1008.2616026800528,1008.2616026800528,1008.2616026800528,1008.2616026800528,1008.2616026800528
81,1008.2519240248039,1008.2519240248039,1008.2519240248039,1008.2519240248039,1008.2519240248039,1008.2519240248039,1008.2519240248039,1008.2519240248039,1008.2519240248039
82,1008.3607570900281,1008.3607570900281,1008.3607570900281,1008.3607570900281,1008.3607570900281,1008.3607570900281,1008.3607570900281,1008.3607570900281,1008.3607570900281
83,793.5237556225406,791.9541993337366,1008.244036370537,793.7532583172577,793.2944573112071,793.7524733100018,793.2952418604459,793.5229708447881,793.5245404010768
84,1008.2681567828236,1008.2681567828236,1008.2681567828236,1008.2681567828236,1008.2681567828236,1008.2681567828236,1008.2681567828236,1008.2681567828236,1008.2681567828236
85,1008.1414072286693,1008.1414072286693,1008.1414072286693,1008.1414072286693,1008.1414072286693,1008.1414072286693,1008.1414072286693,1008.1414072286693,1008.1414072286693
86,1008.2380539879181,1008.2380539879181,1008.2380539879181,1008.2380539879181,1008.2380539879181,1008.2380539879181,1008.2380539879181,1008.2380539879181,1008.2380539879181
87,1008.228718493601,1008.228718493601,1008.228718493601,1008.228718493601,1008.228718493601,1008.228718493601,1008.228718493601,1008.228718493601,1008.228718493601
88,1008.2194592927846,1008.2194592927846,1008.2194592927846,1008.2194592927846,1008.2194592927846,1008.2194592927846,1008.2194592927846,1008.2194592927846,1008.2194592927846
89,1008.2653369892003,1008.2653369892003,1008.2653369892003,1008.2653369892003,1008.2653369892003,1008.2653369892003,1008.2653369892003,1008.2653369892003,1008.2653369892003
90,1007.7787739717163,1007.7787739717163,1007.7787739717163,1007.7787739717163,1007.7787739717163,1007.7787739717163,1007.7787739717163,1007.7787739717163,1007.7787739717163
91,1008.0007877874419,1008.0007877874419,1008.0007877874419,1008.0007877874419,1008.0007877874419,1008.0007877874419,1008.0007877874419,1008.0007877874419,1008.0007877874419
92,1007.9925021007347,1007.9925021007347,1007.9925021007347,1007.9925021007347,1007.9925021007347,1007.9925021007347,1007.9925021007347,1007.9925021007347,1007.9925021007347
93,1008.0982973415682,1008.0982973415682,1008.0982973415682,1008.0982973415682,1008.0982973415682,1008.0982973415682,1008.0982973415682,1008.0982973415682,1008.0982973415682
94,1007.8733862159004,1007.8733862159004,1007.8733862159004,1007.8733862159004,1007.8733862159004,1007.8733862159004,1007.8733862159004,1007.8733862159004,1007.8733862159004
95,1007.8872512361578,1007.8872512361578,1007.8872512361578,1007.8872512361578,1007.8872512361578,1007.8872512361578,1007.8872512361578,1007.8872512361578,1007.8872512361578
96,1007.7775171055482,1007.7775171055482,1007.7775171055482,1007.7775171055482,1007.7775171055482,1007.7775171055482,1007.7775171055482,1007.7775171055482,1007.7775171055482
97,1007.7702615905854,1007.7702615905854,1007.7702615905854,1007.7702615905854,1007.7702615905854,1007.7702615905854,1007.7702615905854,1007.7702615905854,1007.7702615905854
98,1007.9763880636876,1007.9763880636876,1007.9763880636876,1007.9763880636876,1007.9763880636876,1007.9763880636876,1007.9763880636876,1007.9763880636876,1007.9763880636876
99,1007.8781856244045,1007.8781856244045,1007.8781856244045,1007.8781856244045,1007.8781856244045,1007.8781856244045,1007.8781856244045,1007.8781856244045,1007.8781856244045
100,1007.7913046322578,1007.7913046322578,1007.7913046322578,1007.7913046322578,1007.7913046322578,1007.7913046322578,1007.7913046322578,1007.7913046322578,1007.7913046322578
101,1007.6734311751484,1007.6734311751484,1007.6734311751484,1007.6734311751484,1007.6734311751484,1007.6734311751484,1007.6734311751484,1007.6734311751484,1007.6734311751484
102,1007.8875559640197,1007.8875559640197,1007.8875559640197,1007.8875559640197,1007.8875559640197,1007.8875559640197,1007.8875559640197,1007.8875559640197,1007.8875559640197
103,1007.9901973586087,1007.9901973586087,1007.9901973586087,1007.9901973586087,1007.9901973586087,1007.9901973586087,1007.9901973586087,1007.9901973586087,1007.9901973586087
104,1007.6955194969801,1007.6955194969801,1007.6955194969801,1007.6955194969801,1007.6955194969801,1007.6955194969801,1007.6955194969801,1007.6955194969801,1007.6955194969801
105,1007.8969263907516,1007.8969263907516,1007.8969263907516,1007.8969263907516,1007.8969263907516,1007.8969263907516,1007.8969263907516,1007.8969263907516,1007.8969263907516
106,1007.8119862760017,1007.8119862760017,1007.8119862760017,1007.8119862760017,1007.8119862760017,1007.8119862760017,1007.8119862760017,1007.8119862760017,1007.8119862760017
107,1008.109650893506,1008.109650893506,1008.109650893506,1008.109650893506,1008.109650893506,1008.109650893506,1008.109650893506,1008.109650893506,1008.109650893506
108,1008.0142926503667,1008.0142926503667,1008.0142926503667,1008.0142926503667,1008.0142926503667,1008.0142926503667,1008.0142926503667,1008.0142926503667,1008.0142926503667
109,1008.2117433570606,1008.2117433570606,1008.2117433570606,1008.2117433570606,1008.2117433570606,1008.2117433570606,1008.2117433570606,1008.2117433570606,1008.2117433570606
110,1008.1167374034878,1008.1167374034878,1008.1167374034878,1008.1167374034878,1008.1167374034878,1008.1167374034878,1008.1167374034878,1008.1167374034878,1008.1167374034878
111,1008.1292722662461,1008.1292722662461,1008.1292722662461,1008.1292722662461,1008.1292722662461,1008.1292722662461,1008.1292722662461,1008.1292722662461,1008.1292722662461
112,1008.2278802085452,1008.2278802085452,1008.2278802085452,1008.2278802085452,1008.2278802085452,1008.2278802085452,1008.2278802085452,1008.2278802085452,1008.2278802085452
113,1008.1137275356356,1008.1137275356356,1008.1137275356356,1008.1137275356356,1008.1137275356356,1008.1137275356356,1008.1137275356356,1008.1137275356356,1008.1137275356356
114,1008.2217455073022,1008.2217455073022,1008.2217455073022,1008.2217455073022,1008.2217455073022,1008.2217455073022,1008.2217455073022,1008.2217455073022,1008.2217455073022
115,1008.1185280886256,1008.1185280886256,1008.1185280886256,1008.1185280886256,1008.1185280886256,1008.1185280886256,1008.1185280886256,1008.1185280886256,1008.1185280886256
116,1008.120928373693,1008.120928373693,1008.120928373693,1008.120928373693,1008.120928373693,1008.120928373693,1008.120928373693,1008.120928373693,1008.120928373693
117,1008.2178017905006,1008.2178017905006,1008.2178017905006,1008.2178017905006,1008.2178017905006,1008.2178017905006,1008.2178017905006,1008.2178017905006,1008.2178017905006
118,1008.1604005478516,1008.1604005478516,1008.1604005478516,1008.1604005478516,1008.1604005478516,1008.1604005478516,1008.1604005478516,1008.1604005478516,1008.1604005478516
119,1008.2662896212989,1008.2662896212989,1008.2662896212989,1008.2662896212989,1008.2662896212989,1008.2662896212989,1008.2662896212989,1008.2662896212989,1008.2662896212989
120,1008.4008865308901,1008.4008865308901,1008.4008865308901,1008.4008865308901,1008.4008865308901,1008.4008865308901,1008.4008865308901,1008.4008865308901,1008.4008865308901
121,1008.3189906311619,1008.3189906311619,1008.3189906311619,1008.3189906311619,1008.3189906311619,1008.3189906311619,1008.3189906311619,1008.3189906311619,1008.3189906311619
122,1008.1499608456782,1008.1499608456782,1008.1499608456782,1008.1499608456782,1008.1499608456782,1008.1499608456782,1008.1499608456782,1008.1499608456782,1008.1499608456782
123,1008.2737582881429,1008.2737582881429,1008.2737582881429,1008.2737582881429,1008.2737582881429,1008.2737582881429,1008.2737582881429,1008.2737582881429,1008.2737582881429
124,1008.3143415520514,1008.3143415520514,1008.3143415520514,1008.3143415520514,1008.3143415520514,1008.3143415520514,1008.3143415520514,1008.3143415520514,1008.3143415520514
125,1008.1859096909855,1008.1859096909855,1008.1859096909855,1008.1859096909855,1008.1859096909855,1008.1859096909855,1008.1859096909855,1008.1859096909855,1008.1859096909855
126,1008.2985653286306,1008.2985653286306,1008.2985653286306,1008.2985653286306,1008.2985653286306,1008.2985653286306,1008.2985653286306,1008.2985653286306,1008.2985653286306
127,1006.4986228731192,1006.4986228731192,1006.4986228731192,1006.4986228731192,1006.4986228731192,1006.4986228731192,1006.4986228731192,1006.4986228731192,1006.4986228731192
128,1006.5101295841473,1006.5101295841473,1006.5101295841473,1006.5101295841473,1006.5101295841473,1006.5101295841473,1006.5101295841473,1006.5101295841473,1006.5101295841473
129,1006.5026169231986,1006.5026169231986,1006.5026169231986,1006.5026169231986,1006.5026169231986,1006.5026169231986,1006.5026169231986,1006.5026169231986,1006.5026169231986
130,1006.4149987122252,1006.4149987122252,1006.4149987122252,1006.4149987122252,1006.4149987122252,1006.4149987122252,1006.4149987122252,1006.4149987122252,1006.4149987122252
131,1006.5160066162347,1006.5160066162347,1006.5160066162347,1006.5160066162347,1006.5160066162347,1006.5160066162347,1006.5160066162347,1006.5160066162347,1006.5160066162347
132,1006.438428752121,1006.438428752121,1006.438428752121,1006.438428752121,1006.438428752121,1006.438428752121,1006.438428752121,1006.438428752121,1006.438428752121
133,1006.4407109280162,1006.4407109280162,1006.4407109280162,1006.4407109280162,1006.4407109280162,1006.4407109280162,1006.4407109280162,1006.4407109280162,1006.4407109280162
134,1006.5497288908825,1006.5497288908825,1006.5497288908825,1006.5497288908825,1006.5497288908825,1006.5497288908825,1006.5497288908825,1006.5497288908825,1006.5497288908825
135,1006.5423300548002,1006.5423300548002,1006.5423300548002,1006.5423300548002,1006.5423300548002,1006.5423300548002,1006.5423300548002,1006.5423300548002,1006.5423300548002
136,1006.5350073528452,1006.5350073528452,1006.5350073528452,1006.5350073528452,1006.5350073528452,1006.5350073528452,1006.5350073528452,1006.5350073528452,1006.5350073528452
137,1006.4406728917091,1006.4406728917091,1006.4406728917091,1006.4406728917091,1006.4406728917091,1006.4406728917091,1006.4406728917091,1006.4406728917091,1006.4406728917091
138,1006.6255843627783,1006.6255843627783,1006.6255843627783,1006.6255843627783,1006.6255843627783,1006.6255843627783,1006.6255843627783,1006.6255843627783,1006.6255843627783
139,1006.5407704099192,1006.5407704099192,1006.5407704099192,1006.5407704099192,1006.5407704099192,1006.5407704099192,1006.5407704099192,1006.5407704099192,1006.5407704099192
140,1006.6287039177981,1006.6287039177981,1006.6287039177981,1006.6287039177981,1006.6287039177981,1006.6287039177981,1006.6287039177981,1006.6287039177981,1006.6287039177981
141,1006.6302636989328,1006.6302636989328,1006.6302636989328,1006.6302636989328,1006.6302636989328,1006.6302636989328,1006.6302636989328,1006.6302636989328,1006.6302636989328
142,1006.537556027482,1006.537556027482,1006.537556027482,1006.537556027482,1006.537556027482,1006.537556027482,1006.537556027482,1006.537556027482,1006.537556027482
143,1006.5395150877454,1006.5395150877454,1006.5395150877454,1006.5395150877454,1006.5395150877454,1006.5395150877454,1006.5395150877454,1006.5395150877454,1006.5395150877454
144,1006.63494305684,1006.63494305684,1006.63494305684,1006.63494305684,1006.63494305684,1006.63494305684,1006.63494305684,1006.63494305684,1006.63494305684
145,1006.8226679212348,1006.8226679212348,1006.8226679212348,1006.8226679212348,1006.8226679212348,1006.8226679212348,1006.8226679212348,1006.8226679212348,1006.8226679212348
146,1006.4439059829634,1006.4439059829634,1006.4439059829634,1006.4439059829634,1006.4439059829634,1006.4439059829634,1006.4439059829634,1006.4439059829634,1006.4439059829634
147,1006.5297768840653,1006.5297768840653,1006.5297768840653,1006.5297768840653,1006.5297768840653,1006.5297768840653,1006.5297768840653,1006.5297768840653,1006.5297768840653
148,1006.4574470427079,1006.4574470427079,1006.4574470427079,1006.4574470427079,1006.4574470427079,1006.4574470427079,1006.4574470427079,1006.4574470427079,1006.4574470427079
149,1006.5338471374251,1006.5338471374251,1006.5338471374251,1006.5338471374251,1006.5338471374251,1006.5338471374251,1006.5338471374251,1006.5338471374251,1006.5338471374251
150,1006.4621636343882,1006.4621636343882,1006.4621636343882,1006.4621636343882,1006.4621636343882,1006.4621636343882,1006.4621636343882,1006.4621636343882,1006.4621636343882
151,1006.5551877071247,1006.5551877071247,1006.5551877071247,1006.5551877071247,1006.5551877071247,1006.5551877071247,1006.5551877071247,1006.5551877071247,1006.5551877071247
152,1006.5485496383008,1006.5485496383008,1006.5485496383008,1006.5485496383008,1006.5485496383008,1006.5485496383008,1006.5485496383008,1006.5485496383008,1006.5485496383008
153,1006.4692385633529,1006.4692385633529,1006.4692385633529,1006.4692385633529,1006.4692385633529,1006.4692385633529,1006.4692385633529,1006.4692385633529,1006.4692385633529
154,1006.5610650023062,1006.5610650023062,1006.5610650023062,1006.5610650023062,1006.5610650023062,1006.5610650023062,1006.5610650023062,1006.5610650023062,1006.5610650023062
155,1006.4824376229075,1006.4824376229075,1006.4824376229075,1006.4824376229075,1006.4824376229075,1006.4824376229075,1006.4824376229075,1006.4824376229075,1006.4824376229075
156,1006.5565381505537,1006.5565381505537,1006.5565381505537,1006.5565381505537,1006.5565381505537,1006.5565381505537,1006.5565381505537,1006.5565381505537,1006.5565381505537
157,1006.558535288523,1006.558535288523,1006.558535288523,1006.558535288523,1006.558535288523,1006.558535288523,1006.558535288523,1006.558535288523,1006.558535288523
158,1006.4810302221455,1006.4810302221455,1006.4810302221455,1006.4810302221455,1006.4810302221455,1006.4810302221455,1006.4810302221455,1006.4810302221455,1006.4810302221455
159,1006.4833885704825,1006.4833885704825,1006.4833885704825,1006.4833885704825,1006.4833885704825,1006.4833885704825,1006.4833885704825,1006.4833885704825,1006.4833885704825
160,1006.2494445115152,1006.2494445115152,1006.2494445115152,1006.2494445115152,1006.2494445115152,1006.2494445115152,1006.2494445115152,1006.2494445115152,1006.2494445115152
161,1006.3312864187445,1006.3312864187445,1006.3312864187445,1006.3312864187445,1006.3312864187445,1006.3312864187445,1006.3312864187445,1006.3312864187445,1006.3312864187445
162,1006.2563277984538,1006.2563277984538,1006.2563277984538,1006.2563277984538,1006.2563277984538,1006.2563277984538,1006.2563277984538,1006.2563277984538,1006.2563277984538
163,1006.2597694595798,1006.2597694595798,1006.2597694595798,1006.2597694595798,1006.2597694595798,1006.2597694595798,1006.2597694595798,1006.2597694595798,1006.2597694595798
164,1006.100457608603,1006.100457608603,1006.100457608603,1006.100457608603,1006.100457608603,1006.100457608603,1006.100457608603,1006.100457608603,1006.100457608603
165,1005.890057845339,1005.890057845339,1005.890057845339,1005.890057845339,1005.890057845339,1005.890057845339,1005.890057845339,1005.890057845339,1005.890057845339
166,1006.2015670394239,1006.2015670394239,1006.2015670394239,1006.2015670394239,1006.2015670394239,1006.2015670394239,1006.2015670394239,1006.2015670394239,1006.2015670394239
167,1005.9847018780418,1005.9847018780418,1005.9847018780418,1005.9847018780418,1005.9847018780418,1005.9847018780418,1005.9847018780418,1005.9847018780418,1005.9847018780418
168,1006.2090964670766,1006.2090964670766,1006.2090964670766,1006.2090964670766,1006.2090964670766,1006.2090964670766,1006.2090964670766,1006.2090964670766,1006.2090964670766
169,1006.2128612020314,1006.2128612020314,1006.2128612020314,1006.2128612020314,1006.2128612020314,1006.2128612020314,1006.2128612020314,1006.2128612020314,1006.2128612020314
170,1005.8488879043342,1005.8488879043342,1005.8488879043342,1005.8488879043342,1005.8488879043342,1005.8488879043342,1005.8488879043342,1005.8488879043342,1005.8488879043342
171,1006.0629671865205,1006.0629671865205,1006.0629671865205,1006.0629671865205,1006.0629671865205,1006.0629671865205,1006.0629671865205,1006.0629671865205,1006.0629671865205
172,1005.9343468746498,1005.9343468746498,1005.9343468746498,1005.9343468746498,1005.9343468746498,1005.9343468746498,1005.9343468746498,1005.9343468746498,1005.9343468746498
173,1005.9395172232046,1005.9395172232046,1005.9395172232046,1005.9395172232046,1005.9395172232046,1005.9395172232046,1005.9395172232046,1005.9395172232046,1005.9395172232046
174,1005.8632572767998,1005.8632572767998,1005.8632572767998,1005.8632572767998,1005.8632572767998,1005.8632572767998,1005.8632572767998,1005.8632572767998,1005.8632572767998
175,1004.6888206924981,1004.6888206924981,1004.6888206924981,1004.6888206924981,1004.6888206924981,1004.6888206924981,1004.6888206924981,1004.6888206924981,1004.6888206924981
176,1005.3715461020515,1005.3715461020515,1005.3715461020515,1005.3715461020515,1005.3715461020515,1005.3715461020515,1005.3715461020515,1005.3715461020515,1005.3715461020515
177,1005.1619635611245,1005.1619635611245,1005.1619635611245,1005.1619635611245,1005.1619635611245,1005.1619635611245,1005.1619635611245,1005.1619635611245,1005.1619635611245
178,1005.6118608980712,1005.6118608980712,1005.6118608980712,1005.6118608980712,1005.6118608980712,1005.6118608980712,1005.6118608980712,1005.6118608980712,1005.6118608980712
179,1005.7549408359465,1005.7549408359465,1005.7549408359465,1005.7549408359465,1005.7549408359465,1005.7549408359465,1005.7549408359465,1005.7549408359465,1005.7549408359465
180,1005.3097286713449,1005.3097286713449,1005.3097286713449,1005.3097286713449,1005.3097286713449,1005.3097286713449,1005.3097286713449,1005.3097286713449,1005.3097286713449
181,1005.6251817329809,1005.6251817329809,1005.6251817329809,1005.6251817329809,1005.6251817329809,1005.6251817329809,1005.6251817329809,1005.6251817329809,1005.6251817329809
182,1005.5613915466222,1005.5613915466222,1005.5613915466222,1005.5613915466222,1005.5613915466222,1005.5613915466222,1005.5613915466222,1005.5613915466222,1005.5613915466222
183,1005.5761368482287,1005.5761368482287,1005.5761368482287,1005.5761368482287,1005.5761368482287,1005.5761368482287,1005.5761368482287,1005.5761368482287,1005.5761368482287
184,1005.7014046254038,1005.7014046254038,1005.7014046254038,1005.7014046254038,1005.7014046254038,1005.7014046254038,1005.7014046254038,1005.7014046254038,1005.7014046254038
185,1005.5833955683852,1005.5833955683852,1005.5833955683852,1005.5833955683852,1005.5833955683852,1005.5833955683852,1005.5833955683852,1005.5833955683852,1005.5833955683852
186,1005.5688401771093,1005.5688401771093,1005.5688401771093,1005.5688401771093,1005.5688401771093,1005.5688401771093,1005.5688401771093,1005.5688401771093,1005.5688401771093
187,1005.4710432924529,1005.4710432924529,1005.4710432924529,1005.4710432924529,1005.4710432924529,1005.4710432924529,1005.4710432924529,1005.4710432924529,1005.4710432924529
188,1005.2588565750663,1005.2588565750663,1005.2588565750663,1005.2588565750663,1005.2588565750663,1005.2588565750663,1005.2588565750663,1005.2588565750663,1005.2588565750663
189,1005.1567212334886,1005.1567212334886,1005.1567212334886,1005.1567212334886,1005.1567212334886,1005.1567212334886,1005.1567212334886,1005.1567212334886,1005.1567212334886
190,1003.719129375842,1003.719129375842,1003.719129375842,1003.719129375842,1003.719129375842,1003.719129375842,1003.719129375842,1003.719129375842,1003.719129375842
191,1003.5783113158209,1003.5783113158209,1003.5783113158209,1003.5783113158209,1003.5783113158209,1003.5783113158209,1003.5783113158209,1003.5783113158209,1003.5783113158209
192,1003.5272803148201,1003.5272803148201,1003.5272803148201,1003.5272803148201,1003.5272803148201,1003.5272803148201,1003.5272803148201,1003.5272803148201,1003.5272803148201
193,1003.3892005171033,1003.3892005171033,1003.3892005171033,1003.3892005171033,1003.3892005171033,1003.3892005171033,1003.3892005171033,1003.3892005171033,1003.3892005171033
194,1003.2597087178677,1003.2597087178677,1003.2597087178677,1003.2597087178677,1003.2597087178677,1003.2597087178677,1003.2597087178677,1003.2597087178677,1003.2597087178677
195,1003.2843923953009,1003.2843923953009,1003.2843923953009,1003.2843923953009,1003.2843923953009,1003.2843923953009,1003.2843923953009,1003.2843923953009,1003.2843923953009
196,1002.9915261564362,1002.9915261564362,1002.9915261564362,1002.9915261564362,1002.9915261564362,1002.9915261564362,1002.9915261564362,1002.9915261564362,1002.9915261564362
197,1003.0759652217123,1003.0759652217123,1003.0759652217123,1003.0759652217123,1003.0759652217123,1003.0759652217123,1003.0759652217123,1003.0759652217123,1003.0759652217123
198,1003.1391428006317,1003.1391428006317,1003.1391428006317,1003.1391428006317,1003.1391428006317,1003.1391428006317,1003.1391428006317,1003.1391428006317,1003.1391428006317
199,1003.1780028738377,1003.1780028738377,1003.1780028738377,1003.1780028738377,1003.1780028738377,1003.1780028738377,1003.1780028738377,1003.1780028738377,1003.1780028738377
200,1003.324547324758,1003.324547324758,1003.324547324758,1003.324547324758,1003.324547324758,1003.324547324758,1003.324547324758,1003.324547324758,1003.324547324758
201,1002.9964728955496,1002.9964728955496,1002.9964728955496,1002.9964728955496,1002.9964728955496,1002.9964728955496,1002.9964728955496,1002.9964728955496,1002.9964728955496
202,1003.2126938694407,1003.2126938694407,1003.2126938694407,1003.2126938694407,1003.2126938694407,1003.2126938694407,1003.2126938694407,1003.2126938694407,1003.2126938694407
203,1003.4465576426395,1003.4465576426395,1003.4465576426395,1003.4465576426395,1003.4465576426395,1003.4465576426395,1003.4465576426395,1003.4465576426395,1003.4465576426395
204,1003.1995376894646,1003.1995376894646,1003.1995376894646,1003.1995376894646,1003.1995376894646,1003.1995376894646,1003.1995376894646,1003.1995376894646,1003.1995376894646
205,1003.142441109358,1003.142441109358,1003.142441109358,1003.142441109358,1003.142441109358,1003.142441109358,1003.142441109358,1003.142441109358,1003.142441109358
206,1002.8938093690044,1002.8938093690044,1002.8938093690044,1002.8938093690044,1002.8938093690044,1002.8938093690044,1002.8938093690044,1002.8938093690044,1002.8938093690044
207,1003.0371280549736,1003.0371280549736,1003.0371280549736,1003.0371280549736,1003.0371280549736,1003.0371280549736,1003.0371280549736,1003.0371280549736,1003.0371280549736
208,1003.1241678571755,1003.1241678571755,1003.1241678571755,1003.1241678571755,1003.1241678571755,1003.1241678571755,1003.1241678571755,1003.1241678571755,1003.1241678571755
209,1003.008527120606,1003.008527120606,1003.008527120606,1003.008527120606,1003.008527120606,1003.008527120606,1003.008527120606,1003.008527120606,1003.008527120606
210,1002.9135187380629,1002.9135187380629,1002.9135187380629,1002.9135187380629,1002.9135187380629,1002.9135187380629,1002.9135187380629,1002.9135187380629,1002.9135187380629
211,1002.6078017999021,1002.6078017999021,1002.6078017999021,1002.6078017999021,1002.6078017999021,1002.6078017999021,1002.6078017999021,1002.6078017999021,1002.6078017999021
212,1002.623602659608,1002.623602659608,1002.623602659608,1002.623602659608,1002.623602659608,1002.623602659608,1002.623602659608,1002.623602659608,1002.623602659608
213,1002.5018628993487,1002.5018628993487,1002.5018628993487,1002.5018628993487,1002.5018628993487,1002.5018628993487,1002.5018628993487,1002.5018628993487,1002.5018628993487
214,1002.1643804467172,1002.1643804467172,1002.1643804467172,1002.1643804467172,1002.1643804467172,1002.1643804467172,1002.1643804467172,1002.1643804467172,1002.1643804467172
215,1002.2479923195502,1002.2479923195502,1002.2479923195502,1002.2479923195502,1002.2479923195502,1002.2479923195502,1002.2479923195502,1002.2479923195502,1002.2479923195502
216,1001.9626801313622,1001.9626801313622,1001.9626801313622,1001.9626801313622,1001.9626801313622,1001.9626801313622,1001.9626801313622,1001.9626801313622,1001.9626801313622
217,1002.1048810701321,1002.1048810701321,1002.1048810701321,1002.1048810701321,1002.1048810701321,1002.1048810701321,1002.1048810701321,1002.1048810701321,1002.1048810701321
218,1002.0940874815824,1002.0940874815824,1002.0940874815824,1002.0940874815824,1002.0940874815824,1002.0940874815824,1002.0940874815824,1002.0940874815824,1002.0940874815824
219,1001.7615693733219,1001.7615693733219,1001.7615693733219,1001.7615693733219,1001.7615693733219,1001.7615693733219,1001.7615693733219,1001.7615693733219,1001.7615693733219
220,1001.607020011078,1001.607020011078,1001.607020011078,1001.607020011078,1001.607020011078,1001.607020011078,1001.607020011078,1001.607020011078,1001.607020011078
221,1001.7489054607398,1001.7489054607398,1001.7489054607398,1001.7489054607398,1001.7489054607398,1001.7489054607398,1001.7489054607398,1001.7489054607398,1001.7489054607398
222,1001.8952032842934,1001.8952032842934,1001.8952032842934,1001.8952032842934,1001.8952032842934,1001.8952032842934,1001.8952032842934,1001.8952032842934,1001.8952032842934
223,1001.3269990881049,1001.3269990881049,1001.3269990881049,1001.3269990881049,1001.3269990881049,1001.3269990881049,1001.3269990881049,1001.3269990881049,1001.3269990881049
224,1001.4309404085103,1001.4309404085103,1001.4309404085103,1001.4309404085103,1001.4309404085103,1001.4309404085103,1001.4309404085103,1001.4309404085103,1001.4309404085103
225,1001.6554927557319,1001.6554927557319,1001.6554927557319,1001.6554927557319,1001.6554927557319,1001.6554927557319,1001.6554927557319,1001.6554927557319,1001.6554927557319
226,1001.6904528838618,1001.6904528838618,1001.6904528838618,1001.6904528838618,1001.6904528838618,1001.6904528838618,1001.6904528838618,1001.6904528838618,1001.6904528838618
227,1001.6109378693286,1001.6109378693286,1001.6109378693286,1001.6109378693286,1001.6109378693286,1001.6109378693286,1001.6109378693286,1001.6109378693286,1001.6109378693286
228,1001.2035437614269,1001.2035437614269,1001.2035437614269,1001.2035437614269,1001.2035437614269,1001.2035437614269,1001.2035437614269,1001.2035437614269,1001.2035437614269
229,1001.1233485262434,1001.1233485262434,1001.1233485262434,1001.1233485262434,1001.1233485262434,1001.1233485262434,1001.1233485262434,1001.1233485262434,1001.1233485262434
230,1001.2349879492524,1001.2349879492524,1001.2349879492524,1001.2349879492524,1001.2349879492524,1001.2349879492524,1001.2349879492524,1001.2349879492524,1001.2349879492524
231,1000.9061215199715,1000.9061215199715,1000.9061215199715,1000.9061215199715,1000.9061215199715,1000.9061215199715,1000.9061215199715,1000.9061215199715,1000.9061215199715
232,1001.0875001744115,1001.0875001744115,1001.0875001744115,1001.0875001744115,1001.0875001744115,1001.0875001744115,1001.0875001744115,1001.0875001744115,1001.0875001744115
233,1001.2723173796467,1001.2723173796467,1001.2723173796467,1001.2723173796467,1001.2723173796467,1001.2723173796467,1001.2723173796467,1001.2723173796467,1001.2723173796467
234,1001.2533781485322,1001.2533781485322,1001.2533781485322,1001.2533781485322,1001.2533781485322,1001.2533781485322,1001.2533781485322,1001.2533781485322,1001.2533781485322
235,1001.2134385467797,1001.2134385467797,1001.2134385467797,1001.2134385467797,1001.2134385467797,1001.2134385467797,1001.2134385467797,1001.2134385467797,1001.2134385467797
236,1001.1072875492023,1001.1072875492023,1001.1072875492023,1001.1072875492023,1001.1072875492023,1001.1072875492023,1001.1072875492023,1001.1072875492023,1001.1072875492023
237,1001.0243761444693,1001.0243761444693,1001.0243761444693,1001.0243761444693,1001.0243761444693,1001.0243761444693,1001.0243761444693,1001.0243761444693,1001.0243761444693
238,1001.0436893672095,1001.0436893672095,1001.0436893672095,1001.0436893672095,1001.0436893672095,1001.0436893672095,1001.0436893672095,1001.0436893672095,1001.0436893672095
239,1000.9422092619847,1000.9422092619847,1000.9422092619847,1000.9422092619847,1000.9422092619847,1000.9422092619847,1000.9422092619847,1000.9422092619847,1000.9422092619847
240,1000.6912675153468,1000.6912675153468,1000.6912675153468,1000.6912675153468,1000.6912675153468,1000.6912675153468,1000.6912675153468,1000.6912675153468,1000.6912675153468
241,1000.7397715838869,1000.7397715838869,1000.7397715838869,1000.7397715838869,1000.7397715838869,1000.7397715838869,1000.7397715838869,1000.7397715838869,1000.7397715838869
242,1000.7983388885576,1000.7983388885576,1000.7983388885576,1000.7983388885576,1000.7983388885576,1000.7983388885576,1000.7983388885576,1000.7983388885576,1000.7983388885576
243,1000.4940418549684,1000.4940418549684,1000.4940418549684,1000.4940418549684,1000.4940418549684,1000.4940418549684,1000.4940418549684,1000.4940418549684,1000.4940418549684
244,1000.7318859670953,1000.7318859670953,1000.7318859670953,1000.7318859670953,1000.7318859670953,1000.7318859670953,1000.7318859670953,1000.7318859670953,1000.7318859670953
245,1000.6624120191752,1000.6624120191752,1000.6624120191752,1000.6624120191752,1000.6624120191752,1000.6624120191752,1000.6624120191752,1000.6624120191752,1000.6624120191752
246,1000.7916820509977,1000.7916820509977,1000.7916820509977,1000.7916820509977,1000.7916820509977,1000.7916820509977,1000.7916820509977,1000.7916820509977,1000.7916820509977
247,1000.8105179900676,1000.8105179900676,1000.8105179900676,1000.8105179900676,1000.8105179900676,1000.8105179900676,1000.8105179900676,1000.8105179900676,1000.8105179900676
248,1000.6869939752195,1000.6869939752195,1000.6869939752195,1000.6869939752195,1000.6869939752195,1000.6869939752195,1000.6869939752195,1000.6869939752195,1000.6869939752195
249,1000.6854244938254,1000.6854244938254,1000.6854244938254,1000.6854244938254,1000.6854244938254,1000.6854244938254,1000.6854244938254,1000.6854244938254,1000.6854244938254
250,1000.7933462562361,1000.7933462562361,1000.7933462562361,1000.7933462562361,1000.7933462562361,1000.7933462562361,1000.7933462562361,1000.7933462562361,1000.7933462562361
251,1000.7632396983697,1000.7632396983697,1000.7632396983697,1000.7632396983697,1000.7632396983697,1000.7632396983697,1000.7632396983697,1000.7632396983697,1000.7632396983697
252,1000.0815082120982,1000.0815082120982,1000.0815082120982,1000.0815082120982,1000.0815082120982,1000.0815082120982,1000.0815082120982,1000.0815082120982,1000.0815082120982
253,998.3719167023944,998.3719167023944,998.3719167023944,998.3719167023944,998.3719167023944,998.3719167023944,998.3719167023944,998.3719167023944,998.3719167023944
254,998.3192639710645,998.3192639710645,998.3192639710645,998.3192639710645,998.3192639710645,998.3192639710645,998.3192639710645,998.3192639710645,998.3192639710645
255,998.3214900066746,998.3214900066746,998.3214900066746,998.3214900066746,998.3214900066746,998.3214900066746,998.3214900066746,998.3214900066746,998.3214900066746
256,998.2668215172057,998.2668215172057,998.2668215172057,998.2668215172057,998.2668215172057,998.2668215172057,998.2668215172057,998.2668215172057,998.2668215172057
257,997.9330464913656,997.9330464913656,997.9330464913656,997.9330464913656,997.9330464913656,997.9330464913656,997.9330464913656,997.9330464913656,997.9330464913656
258,997.6123903977044,997.6123903977044,997.6123903977044,997.6123903977044,997.6123903977044,997.6123903977044,997.6123903977044,997.6123903977044,997.6123903977044
259,996.7957270514161,996.7957270514161,996.7957270514161,996.7957270514161,996.7957270514161,996.7957270514161,996.7957270514161,996.7957270514161,996.7957270514161
260,996.4029817893705,996.4029817893705,996.4029817893705,996.4029817893705,996.4029817893705,996.4029817893705,996.4029817893705,996.4029817893705,996.4029817893705
261,996.4122454429208,996.4122454429208,996.4122454429208,996.4122454429208,996.4122454429208,996.4122454429208,996.4122454429208,996.4122454429208,996.4122454429208
262,996.8549300371814,996.8549300371814,996.8549300371814,996.8549300371814,996.8549300371814,996.8549300371814,996.8549300371814,996.8549300371814,996.8549300371814
263,996.8058796521909,996.8058796521909,996.8058796521909,996.8058796521909,996.8058796521909,996.8058796521909,996.8058796521909,996.8058796521909,996.8058796521909
264,996.9755695922081,996.9755695922081,996.9755695922081,996.9755695922081,996.9755695922081,996.9755695922081,996.9755695922081,996.9755695922081,996.9755695922081
265,997.3179383817384,997.3179383817384,997.3179383817384,997.3179383817384,997.3179383817384,997.3179383817384,997.3179383817384,997.3179383817384,997.3179383817384
266,996.8322505269275,996.8322505269275,996.8322505269275,996.8322505269275,996.8322505269275,996.8322505269275,996.8322505269275,996.8322505269275,996.8322505269275
267,996.6239772948123,996.6239772948123,996.6239772948123,996.6239772948123,996.6239772948123,996.6239772948123,996.6239772948123,996.6239772948123,996.6239772948123
268,996.8162395554937,996.8162395554937,996.8162395554937,996.8162395554937,996.8162395554937,996.8162395554937,996.8162395554937,996.8162395554937,996.8162395554937
269,996.8152035603177,996.8152035603177,996.8152035603177,996.8152035603177,996.8152035603177,996.8152035603177,996.8152035603177,996.8152035603177,996.8152035603177
270,997.1082824288756,997.1082824288756,997.1082824288756,997.1082824288756,997.1082824288756,997.1082824288756,997.1082824288756,997.1082824288756,997.1082824288756
271,996.5283496728493,996.5283496728493,996.5283496728493,996.5283496728493,996.5283496728493,996.5283496728493,996.5283496728493,996.5283496728493,996.5283496728493
272,996.5972729511548,996.5972729511548,996.5972729511548,996.5972729511548,996.5972729511548,996.5972729511548,996.5972729511548,996.5972729511548,996.5972729511548
273,996.5257321887469,996.5257321887469,996.5257321887469,996.5257321887469,996.5257321887469,996.5257321887469,996.5257321887469,996.5257321887469,996.5257321887469
274,996.6173858881878,996.6173858881878,996.6173858881878,996.6173858881878,996.6173858881878,996.6173858881878,996.6173858881878,996.6173858881878,996.6173858881878
275,995.8728000211745,995.8728000211745,995.8728000211745,995.8728000211745,995.8728000211745,995.8728000211745,995.8728000211745,995.8728000211745,995.8728000211745
276,995.8659501260023,995.8659501260023,995.8659501260023,995.8659501260023,995.8659501260023,995.8659501260023,995.8659501260023,995.8659501260023,995.8659501260023
277,995.8283706328232,995.8283706328232,995.8283706328232,995.8283706328232,995.8283706328232,995.8283706328232,995.8283706328232,995.8283706328232,995.8283706328232
278,995.670710289246,995.670710289246,995.670710289246,995.670710289246,995.670710289246,995.670710289246,995.670710289246,995.670710289246,995.670710289246
279,995.0206134216463,995.0206134216463,995.0206134216463,995.0206134216463,995.0206134216463,995.0206134216463,995.0206134216463,995.0206134216463,995.0206134216463
280,994.6084759733094,994.6084759733094,994.6084759733094,994.6084759733094,994.6084759733094,994.6084759733094,994.6084759733094,994.6084759733094,994.6084759733094
281,994.9103249213404,994.9103249213404,994.9103249213404,994.9103249213404,994.9103249213404,994.9103249213404,994.9103249213404,994.9103249213404,994.9103249213404
282,994.9371344685529,994.9371344685529,994.9371344685529,994.9371344685529,994.9371344685529,994.9371344685529,994.9371344685529,994.9371344685529,994.9371344685529
283,995.0027325429434,995.0027325429434,995.0027325429434,995.0027325429434,995.0027325429434,995.0027325429434,995.0027325429434,995.0027325429434,995.0027325429434
284,995.0953367850482,995.0953367850482,995.0953367850482,995.0953367850482,995.0953367850482,995.0953367850482,995.0953367850482,995.0953367850482,995.0953367850482
285,995.07070415548,995.07070415548,995.07070415548,995.07070415548,995.07070415548,995.07070415548,995.07070415548,995.07070415548,995.07070415548
286,995.1938357899365,995.1938357899365,995.1938357899365,995.1938357899365,995.1938357899365,995.1938357899365,995.1938357899365,995.1938357899365,995.1938357899365
287,995.2221386625878,995.2221386625878,995.2221386625878,995.2221386625878,995.2221386625878,995.2221386625878,995.2221386625878,995.2221386625878,995.2221386625878
288,995.1739396343596,995.1739396343596,995.1739396343596,995.1739396343596,995.1739396343596,995.1739396343596,995.1739396343596,995.1739396343596,995.1739396343596
289,995.4351412477064,995.4351412477064,995.4351412477064,995.4351412477064,995.4351412477064,995.4351412477064,995.4351412477064,995.4351412477064,995.4351412477064
290,995.5055314592912,995.5055314592912,995.5055314592912,995.5055314592912,995.5055314592912,995.5055314592912,995.5055314592912,995.5055314592912,995.5055314592912
291,995.6516700563584,995.6516700563584,995.6516700563584,995.6516700563584,995.6516700563584,995.6516700563584,995.6516700563584,995.6516700563584,995.6516700563584
292,995.587816439438,995.587816439438,995.587816439438,995.587816439438,995.587816439438,995.587816439438,995.587816439438,995.587816439438,995.587816439438
293,995.6794591349451,995.6794591349451,995.6794591349451,995.6794591349451,995.6794591349451,995.6794591349451,995.6794591349451,995.6794591349451,995.6794591349451
294,995.8975654198974,995.8975654198974,995.8975654198974,995.8975654198974,995.8975654198974,995.8975654198974,995.8975654198974,995.8975654198974,995.8975654198974
295,995.7831152886922,995.7831152886922,995.7831152886922,995.7831152886922,995.7831152886922,995.7831152886922,995.7831152886922,995.7831152886922,995.7831152886922
296,995.7816099487642,995.7816099487642,995.7816099487642,995.7816099487642,995.7816099487642,995.7816099487642,995.7816099487642,995.7816099487642,995.7816099487642
297,995.7534416950593,995.7534416950593,995.7534416950593,995.7534416950593,995.7534416950593,995.7534416950593,995.7534416950593,995.7534416950593,995.7534416950593
298,995.8487126861769,995.8487126861769,995.8487126861769,995.8487126861769,995.8487126861769,995.8487126861769,995.8487126861769,995.8487126861769,995.8487126861769
299,995.9410192680771,995.9410192680771,995.9410192680771,995.9410192680771,995.9410192680771,995.9410192680771,995.9410192680771,995.9410192680771,995.9410192680771
300,995.8132225651502,995.8132225651502,995.8132225651502,995.8132225651502,995.8132225651502,995.8132225651502,995.8132225651502,995.8132225651502,995.8132225651502
301,995.9418285175329,995.9418285175329,995.9418285175329,995.9418285175329,995.9418285175329,995.9418285175329,995.9418285175329,995.9418285175329,995.9418285175329
302,995.9466463883722,995.9466463883722,995.9466463883722,995.9466463883722,995.9466463883722,995.9466463883722,995.9466463883722,995.9466463883722,995.9466463883722
303,996.1021293334098,996.1021293334098,996.1021293334098,996.1021293334098,996.1021293334098,996.1021293334098,996.1021293334098,996.1021293334098,996.1021293334098
304,996.2115522304176,996.2115522304176,996.2115522304176,996.2115522304176,996.2115522304176,996.2115522304176,996.2115522304176,996.2115522304176,996.2115522304176
305,996.1763880139397,996.1763880139397,996.1763880139397,996.1763880139397,996.1763880139397,996.1763880139397,996.1763880139397,996.1763880139397,996.1763880139397
306,996.1733384990523,996.1733384990523,996.1733384990523,996.1733384990523,996.1733384990523,996.1733384990523,996.1733384990523,996.1733384990523,996.1733384990523
307,996.2640373205762,996.2640373205762,996.2640373205762,996.2640373205762,996.2640373205762,996.2640373205762,996.2640373205762,996.2640373205762,996.2640373205762
308,996.36295325217,996.36295325217,996.36295325217,996.36295325217,996.36295325217,996.36295325217,996.36295325217,996.36295325217,996.36295325217
309,996.4125843587083,996.4125843587083,996.4125843587083,996.4125843587083,996.4125843587083,996.4125843587083,996.4125843587083,996.4125843587083,996.4125843587083
310,996.2870427761669,996.2870427761669,996.2870427761669,996.2870427761669,996.2870427761669,996.2870427761669,996.2870427761669,996.2870427761669,996.2870427761669
311,996.4242770239664,996.4242770239664,996.4242770239664,996.4242770239664,996.4242770239664,996.4242770239664,996.4242770239664,996.4242770239664,996.4242770239664
312,996.372931993847,996.372931993847,996.372931993847,996.372931993847,996.372931993847,996.372931993847,996.372931993847,996.372931993847,996.372931993847
313,996.5319463708515,996.5319463708515,996.5319463708515,996.5319463708515,996.5319463708515,996.5319463708515,996.5319463708515,996.5319463708515,996.5319463708515
314,996.6689130169916,996.6689130169916,996.6689130169916,996.6689130169916,996.6689130169916,996.6689130169916,996.6689130169916,996.6689130169916,996.6689130169916
315,996.5640912587567,996.5640912587567,996.5640912587567,996.5640912587567,996.5640912587567,996.5640912587567,996.5640912587567,996.5640912587567,996.5640912587567
316,994.9671868618846,994.9671868618846,994.9671868618846,994.9671868618846,994.9671868618846,994.9671868618846,994.9671868618846,994.9671868618846,994.9671868618846
317,995.0223139330755,995.0223139330755,995.0223139330755,995.0223139330755,995.0223139330755,995.0223139330755,995.0223139330755,995.0223139330755,995.0223139330755
318,995.2067072222436,995.2067072222436,995.2067072222436,995.2067072222436,995.2067072222436,995.2067072222436,995.2067072222436,995.2067072222436,995.2067072222436
319,995.1290043957492,995.1290043957492,995.1290043957492,995.1290043957492,995.1290043957492,995.1290043957492,995.1290043957492,995.1290043957492,995.1290043957492
320,995.1994105709425,995.1994105709425,995.1994105709425,995.1994105709425,995.1994105709425,995.1994105709425,995.1994105709425,995.1994105709425,995.1994105709425
321,995.1994293766764,995.1994293766764,995.1994293766764,995.1994293766764,995.1994293766764,995.1994293766764,995.1994293766764,995.1994293766764,995.1994293766764
322,995.2887041987073,995.2887041987073,995.2887041987073,995.2887041987073,995.2887041987073,995.2887041987073,995.2887041987073,995.2887041987073,995.2887041987073
323,995.4057872787822,995.4057872787822,995.4057872787822,995.4057872787822,995.4057872787822,995.4057872787822,995.4057872787822,995.4057872787822,995.4057872787822
324,995.3216929613327,995.3216929613327,995.3216929613327,995.3216929613327,995.3216929613327,995.3216929613327,995.3216929613327,995.3216929613327,995.3216929613327
325,995.4941964805731,995.4941964805731,995.4941964805731,995.4941964805731,995.4941964805731,995.4941964805731,995.4941964805731,995.4941964805731,995.4941964805731
326,995.605020039458,995.605020039458,995.605020039458,995.605020039458,995.605020039458,995.605020039458,995.605020039458,995.605020039458,995.605020039458
327,995.6777364779554,995.6777364779554,995.6777364779554,995.6777364779554,995.6777364779554,995.6777364779554,995.6777364779554,995.6777364779554,995.6777364779554
328,995.7748066183719,995.7748066183719,995.7748066183719,995.7748066183719,995.7748066183719,995.7748066183719,995.7748066183719,995.7748066183719,995.7748066183719
329,995.8155830391366,995.8155830391366,995.8155830391366,995.8155830391366,995.8155830391366,995.8155830391366,995.8155830391366,995.8155830391366,995.8155830391366
330,995.9815096729784,995.9815096729784,995.9815096729784,995.9815096729784,995.9815096729784,995.9815096729784,995.9815096729784,995.9815096729784,995.9815096729784
331,995.9730781191679,995.9730781191679,995.9730781191679,995.9730781191679,995.9730781191679,995.9730781191679,995.9730781191679,995.9730781191679,995.9730781191679
332,996.0991071756207,996.0991071756207,996.0991071756207,996.0991071756207,996.0991071756207,996.0991071756207,996.0991071756207,996.0991071756207,996.0991071756207
333,996.2351671918027,996.2351671918027,996.2351671918027,996.2351671918027,996.2351671918027,996.2351671918027,996.2351671918027,996.2351671918027,996.2351671918027
334,996.2381039437897,996.2381039437897,996.2381039437897,996.2381039437897,996.2381039437897,996.2381039437897,996.2381039437897,996.2381039437897,996.2381039437897
335,996.3614176895386,996.3614176895386,996.3614176895386,996.3614176895386,996.3614176895386,996.3614176895386,996.3614176895386,996.3614176895386,996.3614176895386
336,996.383596956613,996.383596956613,996.383596956613,996.383596956613,996.383596956613,996.383596956613,996.383596956613,996.383596956613,996.383596956613
337,996.548864985509,996.548864985509,996.548864985509,996.548864985509,996.548864985509,996.548864985509,996.548864985509,996.548864985509,996.548864985509
338,996.692727159507,996.692727159507,996.692727159507,996.692727159507,996.692727159507,996.692727159507,996.692727159507,996.692727159507,996.692727159507
339,996.6278651402569,996.6278651402569,996.6278651402569,996.6278651402569,996.6278651402569,996.6278651402569,996.6278651402569,996.6278651402569,996.6278651402569
340,996.7617371477374,996.7617371477374,996.7617371477374,996.7617371477374,996.7617371477374,996.7617371477374,996.7617371477374,996.7617371477374,996.7617371477374
341,996.7679339661595,996.7679339661595,996.7679339661595,996.7679339661595,996.7679339661595,996.7679339661595,996.7679339661595,996.7679339661595,996.7679339661595
342,996.8764881308724,996.8764881308724,996.8764881308724,996.8764881308724,996.8764881308724,996.8764881308724,996.8764881308724,996.8764881308724,996.8764881308724
343,996.7867130098389,996.7867130098389,996.7867130098389,996.7867130098389,996.7867130098389,996.7867130098389,996.7867130098389,996.7867130098389,996.7867130098389
344,996.9224148289503,996.9224148289503,996.9224148289503,996.9224148289503,996.9224148289503,996.9224148289503,996.9224148289503,996.9224148289503,996.9224148289503
345,997.0050053221942,997.0050053221942,997.0050053221942,997.0050053221942,997.0050053221942,997.0050053221942,997.0050053221942,997.0050053221942,997.0050053221942
346,997.1086675804941,997.1086675804941,997.1086675804941,997.1086675804941,997.1086675804941,997.1086675804941,997.1086675804941,997.1086675804941,997.1086675804941
347,997.2241745750963,997.2241745750963,997.2241745750963,997.2241745750963,997.2241745750963,997.2241745750963,997.2241745750963,997.2241745750963,997.2241745750963
348,997.2211595405778,997.2211595405778,997.2211595405778,997.2211595405778,997.2211595405778,997.2211595405778,997.2211595405778,997.2211595405778,997.2211595405778
349,997.426994263353,997.426994263353,997.426994263353,997.426994263353,997.426994263353,997.426994263353,997.426994263353,997.426994263353,997.426994263353
350,997.5234998049407,997.5234998049407,997.5234998049407,997.5234998049407,997.5234998049407,997.5234998049407,997.5234998049407,997.5234998049407,997.5234998049407
351,997.6944996389227,997.6944996389227,997.6944996389227,997.6944996389227,997.6944996389227,997.6944996389227,997.6944996389227,997.6944996389227,997.6944996389227
352,997.8091128895579,997.8091128895579,997.8091128895579,997.8091128895579,997.8091128895579,997.8091128895579,997.8091128895579,997.8091128895579,997.8091128895579
353,997.8500857489498,997.8500857489498,997.8500857489498,997.8500857489498,997.8500857489498,997.8500857489498,997.8500857489498,997.8500857489498,997.8500857489498
354,998.00669563685,998.00669563685,998.00669563685,998.00669563685,998.00669563685,998.00669563685,998.00669563685,998.00669563685,998.00669563685
355,998.1229102118435,998.1229102118435,998.1229102118435,998.1229102118435,998.1229102118435,998.1229102118435,998.1229102118435,998.1229102118435,998.1229102118435
356,998.2811663547706,998.2811663547706,998.2811663547706,998.2811663547706,998.2811663547706,998.2811663547706,998.2811663547706,998.2811663547706,998.2811663547706
357,998.4326366409899,998.4326366409899,998.4326366409899,998.4326366409899,998.4326366409899,998.4326366409899,998.4326366409899,998.4326366409899,998.4326366409899
358,998.5650717023494,998.5650717023494,998.5650717023494,998.5650717023494,998.5650717023494,998.5650717023494,998.5650717023494,998.5650717023494,998.5650717023494
359,998.7527637198539,998.7527637198539,998.7527637198539,998.7527637198539,998.7527637198539,998.7527637198539,998.7527637198539,998.7527637198539,998.7527637198539
360,998.9102891904222,998.9102891904222,998.9102891904222,998.9102891904222,998.9102891904222,998.9102891904222,998.9102891904222,998.9102891904222,998.9102891904222
361,999.0678395062536,999.0678395062536,999.0678395062536,999.0678395062536,999.0678395062536,999.0678395062536,999.0678395062536,999.0678395062536,999.0678395062536
362,999.2254146712652,999.2254146712652,999.2254146712652,999.2254146712652,999.2254146712652,999.2254146712652,999.2254146712652,999.2254146712652,999.2254146712652
363,999.3830146893758,999.3830146893758,999.3830146893758,999.3830146893758,999.3830146893758,999.3830146893758,999.3830146893758,999.3830146893758,999.3830146893758
364,999.5406395645067,999.5406395645067,999.5406395645067,999.5406395645067,999.5406395645067,999.5406395645067,999.5406395645067,999.5406395645067,999.5406395645067
365,999.6982893005771,999.6982893005771,999.6982893005771,999.6982893005771,999.6982893005771,999.6982893005771,999.6982893005771,999.6982893005771,999.6982893005771
366,999.8559639015094,999.8559639015094,999.8559639015094,999.8559639015094,999.8559639015094,999.8559639015094,999.8559639015094,999.8559639015094,999.8559639015094
367,1000.0136633712244,1000.0136633712244,1000.0136633712244,1000.0136633712244,1000.0136633712244,1000.0136633712244,1000.0136633712244,1000.0136633712244,1000.0136633712244
368,1000.1713877136445,1000.1713877136445,1000.1713877136445,1000.1713877136445,1000.1713877136445,1000.1713877136445,1000.1713877136445,1000.1713877136445,1000.1713877136445
369,1000.3291369326927,1000.3291369326927,1000.3291369326927,1000.3291369326927,1000.3291369326927,1000.3291369326927,1000.3291369326927,1000.3291369326927,1000.3291369326927
370,1000.4869110322929,1000.4869110322929,1000.4869110322929,1000.4869110322929,1000.4869110322929,1000.4869110322929,1000.4869110322929,1000.4869110322929,1000.4869110322929
371,1000.6447100163693,1000.6447100163693,1000.6447100163693,1000.6447100163693,1000.6447100163693,1000.6447100163693,1000.6447100163693,1000.6447100163693,1000.6447100163693
372,1000.8025338888469,1000.8025338888469,1000.8025338888469,1000.8025338888469,1000.8025338888469,1000.8025338888469,1000.8025338888469,1000.8025338888469,1000.8025338888469
373,1000.960382653651,1000.960382653651,1000.960382653651,1000.960382653651,1000.960382653651,1000.960382653651,1000.960382653651,1000.960382653651,1000.960382653651
374,1001.1182563147066,1001.1182563147066,1001.1182563147066,1001.1182563147066,1001.1182563147066,1001.1182563147066,1001.1182563147066,1001.1182563147066,1001.1182563147066
375,1001.2761548759426,1001.2761548759426,1001.2761548759426,1001.2761548759426,1001.2761548759426,1001.2761548759426,1001.2761548759426,1001.2761548759426,1001.2761548759426
376,1001.4340783412848,1001.4340783412848,1001.4340783412848,1001.4340783412848,1001.4340783412848,1001.4340783412848,1001.4340783412848,1001.4340783412848,1001.4340783412848
377,1001.5920267146608,1001.5920267146608,1001.5920267146608,1001.5920267146608,1001.5920267146608,1001.5920267146608,1001.5920267146608,1001.5920267146608,1001.5920267146608
